,char_name,url
0,13th Order Fugleman Zo Ga,https://finalfantasy.fandom.com/wiki/13th_Order_Fugleman_Zo_Ga
1,175th Order Alchemist Bi Bi,https://finalfantasy.fandom.com/wiki/175th_Order_Alchemist_Bi_Bi
2,269th Order Mendicant Da Za,https://finalfantasy.fandom.com/wiki/269th_Order_Mendicant_Da_Za
3,2B (Final Fantasy XIV),https://finalfantasy.fandom.com/wiki/2B_(Final_Fantasy_XIV)
4,2P,https://finalfantasy.fandom.com/wiki/2P
5,789th Order Acolyte Ba Go,https://finalfantasy.fandom.com/wiki/789th_Order_Acolyte_Ba_Go
6,789th Order Pickman Gi Gu,https://finalfantasy.fandom.com/wiki/789th_Order_Pickman_Gi_Gu
7,9S (Final Fantasy XIV),https://finalfantasy.fandom.com/wiki/9S_(Final_Fantasy_XIV)
8,A-Ruhn-Senna,https://finalfantasy.fandom.com/wiki/A-Ruhn-Senna
9,A-Towa-Cant,https://finalfantasy.fandom.com/wiki/A-Towa-Cant
10,Adalberta Sterne,https://finalfantasy.fandom.com/wiki/Adalberta_Sterne
11,Adama Landama,https://finalfantasy.fandom.com/wiki/Adama_Landama
12,Adelphel de Chevraudan,https://finalfantasy.fandom.com/wiki/Adelphel_de_Chevraudan
13,Adis,https://finalfantasy.fandom.com/wiki/Adis
14,Adkiragh,https://finalfantasy.fandom.com/wiki/Adkiragh
15,Adri Westwoode,https://finalfantasy.fandom.com/wiki/Adri_Westwoode
16,Aenor Cockburne,https://finalfantasy.fandom.com/wiki/Aenor_Cockburne
17,Aergmhus Saehstymmsyn,https://finalfantasy.fandom.com/wiki/Aergmhus_Saehstymmsyn
18,Agdistis,https://finalfantasy.fandom.com/wiki/Agdistis
19,Aggie Glover,https://finalfantasy.fandom.com/wiki/Aggie_Glover
20,Agrias Oaks (Final Fantasy XIV),https://finalfantasy.fandom.com/wiki/Agrias_Oaks_(Final_Fantasy_XIV)
21,Ahldbhar,https://finalfantasy.fandom.com/wiki/Ahldbhar
22,Akagi,https://finalfantasy.fandom.com/wiki/Akagi
23,Alaqa,https://finalfantasy.fandom.com/wiki/Alaqa
24,Alberic Bale,https://finalfantasy.fandom.com/wiki/Alberic_Bale
25,Aldis,https://finalfantasy.fandom.com/wiki/Aldis
26,Aldiytha Thorne,https://finalfantasy.fandom.com/wiki/Aldiytha_Thorne
27,Alfonse,https://finalfantasy.fandom.com/wiki/Alfonse
28,Alianne Vellegrance,https://finalfantasy.fandom.com/wiki/Alianne_Vellegrance
29,Alisaie Leveilleur,https://finalfantasy.fandom.com/wiki/Alisaie_Leveilleur
30,Alka Zolka,https://finalfantasy.fandom.com/wiki/Alka_Zolka
31,Alkaios,https://finalfantasy.fandom.com/wiki/Alkaios
32,Allene,https://finalfantasy.fandom.com/wiki/Allene
33,Allie,https://finalfantasy.fandom.com/wiki/Allie
34,Alma Beoulve (Final Fantasy XIV),https://finalfantasy.fandom.com/wiki/Alma_Beoulve_(Final_Fantasy_XIV)
35,Alma Lexentale,https://finalfantasy.fandom.com/wiki/Alma_Lexentale
36,Almet,https://finalfantasy.fandom.com/wiki/Almet
37,Aloyse,https://finalfantasy.fandom.com/wiki/Aloyse
38,Alpha (Final Fantasy XIV),https://finalfantasy.fandom.com/wiki/Alpha_(Final_Fantasy_XIV)
39,Alphinaud Leveilleur,https://finalfantasy.fandom.com/wiki/Alphinaud_Leveilleur
40,Altani Dataq,https://finalfantasy.fandom.com/wiki/Altani_Dataq
41,Althyk,https://finalfantasy.fandom.com/wiki/Althyk
42,Altima (Final Fantasy XIV),https://finalfantasy.fandom.com/wiki/Altima_(Final_Fantasy_XIV)
43,Ameliance Leveilleur,https://finalfantasy.fandom.com/wiki/Ameliance_Leveilleur
44,Amh Garanjy,https://finalfantasy.fandom.com/wiki/Amh_Garanjy
45,Amon (Final Fantasy XIV),https://finalfantasy.fandom.com/wiki/Amon_(Final_Fantasy_XIV)
46,An Lad,https://finalfantasy.fandom.com/wiki/An_Lad
47,Anarba Dataq,https://finalfantasy.fandom.com/wiki/Anarba_Dataq
48,Anogg and Konogg,https://finalfantasy.fandom.com/wiki/Anogg_and_Konogg
49,Ansaulme de Rougecarpe,https://finalfantasy.fandom.com/wiki/Ansaulme_de_Rougecarpe
50,Anselmet,https://finalfantasy.fandom.com/wiki/Anselmet
51,Anzu Zenbu,https://finalfantasy.fandom.com/wiki/Anzu_Zenbu
52,Ardashir Balyk,https://finalfantasy.fandom.com/wiki/Ardashir_Balyk
53,Ardbert Hylfyst,https://finalfantasy.fandom.com/wiki/Ardbert_Hylfyst
54,Arenvald Lentinus,https://finalfantasy.fandom.com/wiki/Arenvald_Lentinus
55,Arnegis Elder,https://finalfantasy.fandom.com/wiki/Arnegis_Elder
56,Artoirel de Fortemps,https://finalfantasy.fandom.com/wiki/Artoirel_de_Fortemps
57,Arya Gastaurknan,https://finalfantasy.fandom.com/wiki/Arya_Gastaurknan
58,Asahi Brutus,https://finalfantasy.fandom.com/wiki/Asahi_Brutus
59,Ascya,https://finalfantasy.fandom.com/wiki/Ascya
60,Ashelia B'nargin Dalmasca (Final Fantasy XIV),https://finalfantasy.fandom.com/wiki/Ashelia_B%27nargin_Dalmasca_(Final_Fantasy_XIV)
61,Astin,https://finalfantasy.fandom.com/wiki/Astin
62,Astrid de Valentione,https://finalfantasy.fandom.com/wiki/Astrid_de_Valentione
63,Atelloune Mairlaid,https://finalfantasy.fandom.com/wiki/Atelloune_Mairlaid
64,Athena,https://finalfantasy.fandom.com/wiki/Athena
65,Atori Moribe,https://finalfantasy.fandom.com/wiki/Atori_Moribe
66,Aubrenard,https://finalfantasy.fandom.com/wiki/Aubrenard
67,Audaine,https://finalfantasy.fandom.com/wiki/Audaine
68,Augebert,https://finalfantasy.fandom.com/wiki/Augebert
69,Aulus Asina,https://finalfantasy.fandom.com/wiki/Aulus_Asina
70,Aurvael de Haillenarte,https://finalfantasy.fandom.com/wiki/Aurvael_de_Haillenarte
71,Ayleth,https://finalfantasy.fandom.com/wiki/Ayleth
72,Aymeric de Borel,https://finalfantasy.fandom.com/wiki/Aymeric_de_Borel
73,Azami Shibunuri,https://finalfantasy.fandom.com/wiki/Azami_Shibunuri
74,Azdaja (Final Fantasy XIV),https://finalfantasy.fandom.com/wiki/Azdaja_(Final_Fantasy_XIV)
75,Azem,https://finalfantasy.fandom.com/wiki/Azem
76,Azeyma,https://finalfantasy.fandom.com/wiki/Azeyma
77,Ba'Gamnan (Final Fantasy XIV),https://finalfantasy.fandom.com/wiki/Ba%27Gamnan_(Final_Fantasy_XIV)
78,Baderon Tenfingers,https://finalfantasy.fandom.com/wiki/Baderon_Tenfingers
79,Bajsaljen Ulgasch,https://finalfantasy.fandom.com/wiki/Bajsaljen_Ulgasch
80,Barbariccia (Final Fantasy XIV),https://finalfantasy.fandom.com/wiki/Barbariccia_(Final_Fantasy_XIV)
81,Basqual,https://finalfantasy.fandom.com/wiki/Basqual
82,Baurendouin de Haillenarte,https://finalfantasy.fandom.com/wiki/Baurendouin_de_Haillenarte
83,Bayan Goro,https://finalfantasy.fandom.com/wiki/Bayan_Goro
84,Beatin Mainrocquet,https://finalfantasy.fandom.com/wiki/Beatin_Mainrocquet
85,Beaudefoin,https://finalfantasy.fandom.com/wiki/Beaudefoin
86,Beq Lugg,https://finalfantasy.fandom.com/wiki/Beq_Lugg
87,Bert,https://finalfantasy.fandom.com/wiki/Bert
88,Biggs and Wedge (Final Fantasy XIV),https://finalfantasy.fandom.com/wiki/Biggs_and_Wedge_(Final_Fantasy_XIV)
89,Blackburn (Final Fantasy XIV character),https://finalfantasy.fandom.com/wiki/Blackburn_(Final_Fantasy_XIV_character)
90,Blaz Azetina,https://finalfantasy.fandom.com/wiki/Blaz_Azetina
91,Bluomwyda,https://finalfantasy.fandom.com/wiki/Bluomwyda
92,Bodenolf,https://finalfantasy.fandom.com/wiki/Bodenolf
93,Bran (Final Fantasy XIV),https://finalfantasy.fandom.com/wiki/Bran_(Final_Fantasy_XIV)
94,Branden,https://finalfantasy.fandom.com/wiki/Branden
95,Brayflox Alltalks,https://finalfantasy.fandom.com/wiki/Brayflox_Alltalks
96,Briardien de Manseauguel,https://finalfantasy.fandom.com/wiki/Briardien_de_Manseauguel
97,Brithael Spade,https://finalfantasy.fandom.com/wiki/Brithael_Spade
98,Broken Mountain,https://finalfantasy.fandom.com/wiki/Broken_Mountain
99,Brother Joacin,https://finalfantasy.fandom.com/wiki/Brother_Joacin
100,Buscarron Stacks,https://finalfantasy.fandom.com/wiki/Buscarron_Stacks
101,Bwagi Ennze Panca,https://finalfantasy.fandom.com/wiki/Bwagi_Ennze_Panca
102,Byakko (Final Fantasy XIV),https://finalfantasy.fandom.com/wiki/Byakko_(Final_Fantasy_XIV)
103,Byregot,https://finalfantasy.fandom.com/wiki/Byregot
104,Cagnazzo (Final Fantasy XIV),https://finalfantasy.fandom.com/wiki/Cagnazzo_(Final_Fantasy_XIV)
105,Cait Sith (Final Fantasy XIV),https://finalfantasy.fandom.com/wiki/Cait_Sith_(Final_Fantasy_XIV)
106,Callea,https://finalfantasy.fandom.com/wiki/Callea
107,Carvallain de Gorgagne,https://finalfantasy.fandom.com/wiki/Carvallain_de_Gorgagne
108,Cato Mammula,https://finalfantasy.fandom.com/wiki/Cato_Mammula
109,Ceana,https://finalfantasy.fandom.com/wiki/Ceana
110,Cerigg,https://finalfantasy.fandom.com/wiki/Cerigg
111,Chai-Nuzz,https://finalfantasy.fandom.com/wiki/Chai-Nuzz
112,Chambui Dazkar,https://finalfantasy.fandom.com/wiki/Chambui_Dazkar
113,Category:Character galleries from Final Fantasy XIV,https://finalfantasy.fandom.com/wiki/Category:Character_galleries_from_Final_Fantasy_XIV
114,Category:Character other appearances from Final Fantasy XIV,https://finalfantasy.fandom.com/wiki/Category:Character_other_appearances_from_Final_Fantasy_XIV
115,Category:Characters in Final Fantasy XIV Dad of Light,https://finalfantasy.fandom.com/wiki/Category:Characters_in_Final_Fantasy_XIV_Dad_of_Light
116,Charibert de Leusignac,https://finalfantasy.fandom.com/wiki/Charibert_de_Leusignac
117,Charlemend de Durendaire,https://finalfantasy.fandom.com/wiki/Charlemend_de_Durendaire
118,Charmion,https://finalfantasy.fandom.com/wiki/Charmion
119,Chieftain Moglin,https://finalfantasy.fandom.com/wiki/Chieftain_Moglin
120,Chuchumu,https://finalfantasy.fandom.com/wiki/Chuchumu
121,Chuchuto Chuto,https://finalfantasy.fandom.com/wiki/Chuchuto_Chuto
122,Cicely,https://finalfantasy.fandom.com/wiki/Cicely
123,Cid Garlond,https://finalfantasy.fandom.com/wiki/Cid_Garlond
124,Cirina Mol,https://finalfantasy.fandom.com/wiki/Cirina_Mol
125,Ciuna and Phyna,https://finalfantasy.fandom.com/wiki/Ciuna_and_Phyna
126,Clarricie Priscus,https://finalfantasy.fandom.com/wiki/Clarricie_Priscus
127,Claudia Thorne,https://finalfantasy.fandom.com/wiki/Claudia_Thorne
128,Claudien,https://finalfantasy.fandom.com/wiki/Claudien
129,Clemence,https://finalfantasy.fandom.com/wiki/Clemence
130,Clive (Final Fantasy XIV),https://finalfantasy.fandom.com/wiki/Clive_(Final_Fantasy_XIV)
131,Cloud of Darkness (Final Fantasy XIV),https://finalfantasy.fandom.com/wiki/Cloud_of_Darkness_(Final_Fantasy_XIV)
132,Cocobani,https://finalfantasy.fandom.com/wiki/Cocobani
133,Cocobezi,https://finalfantasy.fandom.com/wiki/Cocobezi
134,Cocoboha,https://finalfantasy.fandom.com/wiki/Cocoboha
135,Cocobuki Lolobuki,https://finalfantasy.fandom.com/wiki/Cocobuki_Lolobuki
136,Cocobusi,https://finalfantasy.fandom.com/wiki/Cocobusi
137,Cocobygo,https://finalfantasy.fandom.com/wiki/Cocobygo
138,Coinach,https://finalfantasy.fandom.com/wiki/Coinach
139,Colbernoux,https://finalfantasy.fandom.com/wiki/Colbernoux
140,Conrad Kemp,https://finalfantasy.fandom.com/wiki/Conrad_Kemp
141,Constaint,https://finalfantasy.fandom.com/wiki/Constaint
142,Corguevais,https://finalfantasy.fandom.com/wiki/Corguevais
143,Coultenet Dailebaure,https://finalfantasy.fandom.com/wiki/Coultenet_Dailebaure
144,Crystal Caravan (Final Fantasy XIV),https://finalfantasy.fandom.com/wiki/Crystal_Caravan_(Final_Fantasy_XIV)
145,Curious Gorge,https://finalfantasy.fandom.com/wiki/Curious_Gorge
146,Curtis Hext,https://finalfantasy.fandom.com/wiki/Curtis_Hext
147,Category:Custom Delivery NPCs,https://finalfantasy.fandom.com/wiki/Category:Custom_Delivery_NPCs
148,Cylva,https://finalfantasy.fandom.com/wiki/Cylva
149,Cymet,https://finalfantasy.fandom.com/wiki/Cymet
150,Cyr Blyme,https://finalfantasy.fandom.com/wiki/Cyr_Blyme
151,D'zentsa,https://finalfantasy.fandom.com/wiki/D%27zentsa
152,Dabog Inivisch,https://finalfantasy.fandom.com/wiki/Dabog_Inivisch
153,Daguza Sus,https://finalfantasy.fandom.com/wiki/Daguza_Sus
154,Daluce,https://finalfantasy.fandom.com/wiki/Daluce
155,Damielliot,https://finalfantasy.fandom.com/wiki/Damielliot
156,Dancing Wolf,https://finalfantasy.fandom.com/wiki/Dancing_Wolf
157,Daniffen,https://finalfantasy.fandom.com/wiki/Daniffen
158,Dauid,https://finalfantasy.fandom.com/wiki/Dauid
159,Deaustie,https://finalfantasy.fandom.com/wiki/Deaustie
160,Deca-pente,https://finalfantasy.fandom.com/wiki/Deca-pente
161,Deep Canyon,https://finalfantasy.fandom.com/wiki/Deep_Canyon
162,Delita Heiral (Final Fantasy XIV),https://finalfantasy.fandom.com/wiki/Delita_Heiral_(Final_Fantasy_XIV)
163,Dellemont,https://finalfantasy.fandom.com/wiki/Dellemont
164,Deudalaphon,https://finalfantasy.fandom.com/wiki/Deudalaphon
165,Dewlala Dewla,https://finalfantasy.fandom.com/wiki/Dewlala_Dewla
166,Dhyata,https://finalfantasy.fandom.com/wiki/Dhyata
167,Diabolos (Final Fantasy XIV),https://finalfantasy.fandom.com/wiki/Diabolos_(Final_Fantasy_XIV)
168,Doesmaga Poisonheart,https://finalfantasy.fandom.com/wiki/Doesmaga_Poisonheart
169,Doga (Final Fantasy XIV),https://finalfantasy.fandom.com/wiki/Doga_(Final_Fantasy_XIV)
170,Dominiac,https://finalfantasy.fandom.com/wiki/Dominiac
171,Dorgono Qerel,https://finalfantasy.fandom.com/wiki/Dorgono_Qerel
172,Dozol Meloc,https://finalfantasy.fandom.com/wiki/Dozol_Meloc
173,Drake Rhodes,https://finalfantasy.fandom.com/wiki/Drake_Rhodes
174,Dreues,https://finalfantasy.fandom.com/wiki/Dreues
175,Drillemont de Lasserrant,https://finalfantasy.fandom.com/wiki/Drillemont_de_Lasserrant
176,Drusilla,https://finalfantasy.fandom.com/wiki/Drusilla
177,Dulia-Chai,https://finalfantasy.fandom.com/wiki/Dulia-Chai
178,Dunstan,https://finalfantasy.fandom.com/wiki/Dunstan
179,Dural Tharal,https://finalfantasy.fandom.com/wiki/Dural_Tharal
180,Dyunbu Potitus,https://finalfantasy.fandom.com/wiki/Dyunbu_Potitus
181,E-Sumi-Yan,https://finalfantasy.fandom.com/wiki/E-Sumi-Yan
182,Edda Pureheart,https://finalfantasy.fandom.com/wiki/Edda_Pureheart
183,Eden (Final Fantasy XIV),https://finalfantasy.fandom.com/wiki/Eden_(Final_Fantasy_XIV)
184,Edmont de Fortemps,https://finalfantasy.fandom.com/wiki/Edmont_de_Fortemps
185,Edvya Thorne,https://finalfantasy.fandom.com/wiki/Edvya_Thorne
186,Ehll Tou,https://finalfantasy.fandom.com/wiki/Ehll_Tou
187,Ejika Tsunjika,https://finalfantasy.fandom.com/wiki/Ejika_Tsunjika
188,Elaisse Poole,https://finalfantasy.fandom.com/wiki/Elaisse_Poole
189,Elde,https://finalfantasy.fandom.com/wiki/Elde
190,Elidibus (Final Fantasy XIV),https://finalfantasy.fandom.com/wiki/Elidibus_(Final_Fantasy_XIV)
191,Eline Roaille,https://finalfantasy.fandom.com/wiki/Eline_Roaille
192,Ellie Ryse,https://finalfantasy.fandom.com/wiki/Ellie_Ryse
193,Elyne,https://finalfantasy.fandom.com/wiki/Elyne
194,Emerick,https://finalfantasy.fandom.com/wiki/Emerick
195,Emet-Selch,https://finalfantasy.fandom.com/wiki/Emet-Selch
196,Emilie,https://finalfantasy.fandom.com/wiki/Emilie
197,Emmanellain de Fortemps,https://finalfantasy.fandom.com/wiki/Emmanellain_de_Fortemps
198,Emmerololth,https://finalfantasy.fandom.com/wiki/Emmerololth
199,Endalim,https://finalfantasy.fandom.com/wiki/Endalim
200,Enion Townes,https://finalfantasy.fandom.com/wiki/Enion_Townes
201,Ephemie Giphelmont,https://finalfantasy.fandom.com/wiki/Ephemie_Giphelmont
202,Erenville,https://finalfantasy.fandom.com/wiki/Erenville
203,Erichthonios,https://finalfantasy.fandom.com/wiki/Erichthonios
204,Erik,https://finalfantasy.fandom.com/wiki/Erik
205,Eschiva Keyes,https://finalfantasy.fandom.com/wiki/Eschiva_Keyes
206,Esperaunce,https://finalfantasy.fandom.com/wiki/Esperaunce
207,Estinien Varlineau,https://finalfantasy.fandom.com/wiki/Estinien_Varlineau
208,Ethelia,https://finalfantasy.fandom.com/wiki/Ethelia
209,Eueliss,https://finalfantasy.fandom.com/wiki/Eueliss
210,Eynzahr Slafyrsyn,https://finalfantasy.fandom.com/wiki/Eynzahr_Slafyrsyn
211,Ezel II,https://finalfantasy.fandom.com/wiki/Ezel_II
212,Ezolmile,https://finalfantasy.fandom.com/wiki/Ezolmile
213,F'hobhas,https://finalfantasy.fandom.com/wiki/F%27hobhas
214,F'lhaminn Qesh,https://finalfantasy.fandom.com/wiki/F%27lhaminn_Qesh
215,Fabineau Soranus,https://finalfantasy.fandom.com/wiki/Fabineau_Soranus
216,Fandaniel,https://finalfantasy.fandom.com/wiki/Fandaniel
217,Faunehm,https://finalfantasy.fandom.com/wiki/Faunehm
218,Faustigeant,https://finalfantasy.fandom.com/wiki/Faustigeant
219,Feo Ul,https://finalfantasy.fandom.com/wiki/Feo_Ul
220,Ferdiad,https://finalfantasy.fandom.com/wiki/Ferdiad
221,Final Fantasy XIV characters,https://finalfantasy.fandom.com/wiki/Final_Fantasy_XIV_characters
222,Finnea,https://finalfantasy.fandom.com/wiki/Finnea
223,Flaurie,https://finalfantasy.fandom.com/wiki/Flaurie
224,Foerzagyl,https://finalfantasy.fandom.com/wiki/Foerzagyl
225,Foncrineau,https://finalfantasy.fandom.com/wiki/Foncrineau
226,Fordola Lupis,https://finalfantasy.fandom.com/wiki/Fordola_Lupis
227,Forlemort,https://finalfantasy.fandom.com/wiki/Forlemort
228,Fortin Thorne,https://finalfantasy.fandom.com/wiki/Fortin_Thorne
229,Foulques,https://finalfantasy.fandom.com/wiki/Foulques
230,Four Lords,https://finalfantasy.fandom.com/wiki/Four_Lords
231,Fourchenault Leveilleur,https://finalfantasy.fandom.com/wiki/Fourchenault_Leveilleur
232,Fran Eruyt,https://finalfantasy.fandom.com/wiki/Fran_Eruyt
233,Fray Myste,https://finalfantasy.fandom.com/wiki/Fray_Myste
234,Frixio,https://finalfantasy.fandom.com/wiki/Frixio
235,Fufucha Fucha,https://finalfantasy.fandom.com/wiki/Fufucha_Fucha
236,Furi,https://finalfantasy.fandom.com/wiki/Furi
237,Fye,https://finalfantasy.fandom.com/wiki/Fye
238,Fyrgeiss Loetkilbsyn,https://finalfantasy.fandom.com/wiki/Fyrgeiss_Loetkilbsyn
239,G'raha Tia,https://finalfantasy.fandom.com/wiki/G%27raha_Tia
240,Ga Bu,https://finalfantasy.fandom.com/wiki/Ga_Bu
241,Gafryde,https://finalfantasy.fandom.com/wiki/Gafryde
242,Gagaruna,https://finalfantasy.fandom.com/wiki/Gagaruna
243,Gaia (Final Fantasy XIV),https://finalfantasy.fandom.com/wiki/Gaia_(Final_Fantasy_XIV)
244,Gaius Baelsar,https://finalfantasy.fandom.com/wiki/Gaius_Baelsar
245,Galuf Baldesion (Final Fantasy XIV),https://finalfantasy.fandom.com/wiki/Galuf_Baldesion_(Final_Fantasy_XIV)
246,Category:Garlean citizens,https://finalfantasy.fandom.com/wiki/Category:Garlean_citizens
247,Gekkai,https://finalfantasy.fandom.com/wiki/Gekkai
248,Genbu (Final Fantasy XIV),https://finalfantasy.fandom.com/wiki/Genbu_(Final_Fantasy_XIV)
249,Gerhardt,https://finalfantasy.fandom.com/wiki/Gerhardt
250,Gerolt Blackthorn,https://finalfantasy.fandom.com/wiki/Gerolt_Blackthorn
251,Geva Storke,https://finalfantasy.fandom.com/wiki/Geva_Storke
252,Giff Boarshead,https://finalfantasy.fandom.com/wiki/Giff_Boarshead
253,Gigi,https://finalfantasy.fandom.com/wiki/Gigi
254,Gilbrisbert Buteo,https://finalfantasy.fandom.com/wiki/Gilbrisbert_Buteo
255,Gilgamesh (Final Fantasy XIV),https://finalfantasy.fandom.com/wiki/Gilgamesh_(Final_Fantasy_XIV)
256,Ginko and Kinko,https://finalfantasy.fandom.com/wiki/Ginko_and_Kinko
257,Giott (Final Fantasy XIV),https://finalfantasy.fandom.com/wiki/Giott_(Final_Fantasy_XIV)
258,Godbert Manderville,https://finalfantasy.fandom.com/wiki/Godbert_Manderville
259,Gogo (Final Fantasy XIV),https://finalfantasy.fandom.com/wiki/Gogo_(Final_Fantasy_XIV)
260,Golbez (Final Fantasy XIV),https://finalfantasy.fandom.com/wiki/Golbez_(Final_Fantasy_XIV)
261,Goncquard,https://finalfantasy.fandom.com/wiki/Goncquard
262,Gontrandoix,https://finalfantasy.fandom.com/wiki/Gontrandoix
263,Good King Moggle Mog XII,https://finalfantasy.fandom.com/wiki/Good_King_Moggle_Mog_XII
264,Gosetsu Daito,https://finalfantasy.fandom.com/wiki/Gosetsu_Daito
265,Govv,https://finalfantasy.fandom.com/wiki/Govv
266,Granson,https://finalfantasy.fandom.com/wiki/Granson
267,Greinfarr Redblade,https://finalfantasy.fandom.com/wiki/Greinfarr_Redblade
268,Grenoldt,https://finalfantasy.fandom.com/wiki/Grenoldt
269,Grinnaux de Dzemael,https://finalfantasy.fandom.com/wiki/Grinnaux_de_Dzemael
270,Grynewaht Arvina,https://finalfantasy.fandom.com/wiki/Grynewaht_Arvina
271,Guerrique de Montrohain,https://finalfantasy.fandom.com/wiki/Guerrique_de_Montrohain
272,Guildivain Sailmet,https://finalfantasy.fandom.com/wiki/Guildivain_Sailmet
273,Guillaime,https://finalfantasy.fandom.com/wiki/Guillaime
274,Guillefresne,https://finalfantasy.fandom.com/wiki/Guillefresne
275,Gundobald,https://finalfantasy.fandom.com/wiki/Gundobald
276,Gunnhildr,https://finalfantasy.fandom.com/wiki/Gunnhildr
277,Gurbesu Goro,https://finalfantasy.fandom.com/wiki/Gurbesu_Goro
278,Guydelot Thildonnet,https://finalfantasy.fandom.com/wiki/Guydelot_Thildonnet
279,H'mhasi Tia,https://finalfantasy.fandom.com/wiki/H%27mhasi_Tia
280,H'naanza Esi,https://finalfantasy.fandom.com/wiki/H%27naanza_Esi
281,H'raha Tia,https://finalfantasy.fandom.com/wiki/H%27raha_Tia
282,Haermaga,https://finalfantasy.fandom.com/wiki/Haermaga
283,Hakuro Gunji,https://finalfantasy.fandom.com/wiki/Hakuro_Gunji
284,Haldrath,https://finalfantasy.fandom.com/wiki/Haldrath
285,Halga Tolga,https://finalfantasy.fandom.com/wiki/Halga_Tolga
286,Halmarut,https://finalfantasy.fandom.com/wiki/Halmarut
287,Halone,https://finalfantasy.fandom.com/wiki/Halone
288,Halric,https://finalfantasy.fandom.com/wiki/Halric
289,Hamlyn,https://finalfantasy.fandom.com/wiki/Hamlyn
290,Hamon Holyfist,https://finalfantasy.fandom.com/wiki/Hamon_Holyfist
291,Hamujj Gah,https://finalfantasy.fandom.com/wiki/Hamujj_Gah
292,Hancock Fitzgerald,https://finalfantasy.fandom.com/wiki/Hancock_Fitzgerald
293,Handeloup de Daimbaux,https://finalfantasy.fandom.com/wiki/Handeloup_de_Daimbaux
294,Hansaku Ushikai,https://finalfantasy.fandom.com/wiki/Hansaku_Ushikai
295,Hanzo,https://finalfantasy.fandom.com/wiki/Hanzo
296,Haumeric de Peulagnon,https://finalfantasy.fandom.com/wiki/Haumeric_de_Peulagnon
297,Haurchefant Greystone,https://finalfantasy.fandom.com/wiki/Haurchefant_Greystone
298,Hautdlong,https://finalfantasy.fandom.com/wiki/Hautdlong
299,Hegemone,https://finalfantasy.fandom.com/wiki/Hegemone
300,Hermenost de la Treaumaille,https://finalfantasy.fandom.com/wiki/Hermenost_de_la_Treaumaille
301,Hermes (Final Fantasy XIV),https://finalfantasy.fandom.com/wiki/Hermes_(Final_Fantasy_XIV)
302,Hermin Hart,https://finalfantasy.fandom.com/wiki/Hermin_Hart
303,Hernais Longus,https://finalfantasy.fandom.com/wiki/Hernais_Longus
304,Hesperos,https://finalfantasy.fandom.com/wiki/Hesperos
305,Heustienne de Vimaroix,https://finalfantasy.fandom.com/wiki/Heustienne_de_Vimaroix
306,Hewerald,https://finalfantasy.fandom.com/wiki/Hewerald
307,Hien Rijin,https://finalfantasy.fandom.com/wiki/Hien_Rijin
308,Hilda Ware,https://finalfantasy.fandom.com/wiki/Hilda_Ware
309,Hildelana,https://finalfantasy.fandom.com/wiki/Hildelana
310,Hildibrand Manderville,https://finalfantasy.fandom.com/wiki/Hildibrand_Manderville
311,Hinageshi,https://finalfantasy.fandom.com/wiki/Hinageshi
312,Hisui Sui,https://finalfantasy.fandom.com/wiki/Hisui_Sui
313,Hoary Boulder,https://finalfantasy.fandom.com/wiki/Hoary_Boulder
314,Hob,https://finalfantasy.fandom.com/wiki/Hob
315,Honoroit Banlardois,https://finalfantasy.fandom.com/wiki/Honoroit_Banlardois
316,Hourlinet,https://finalfantasy.fandom.com/wiki/Hourlinet
317,Hozan Nagae,https://finalfantasy.fandom.com/wiki/Hozan_Nagae
318,Hraesvelgr,https://finalfantasy.fandom.com/wiki/Hraesvelgr
319,Hugue,https://finalfantasy.fandom.com/wiki/Hugue
320,Hurrey,https://finalfantasy.fandom.com/wiki/Hurrey
321,Hydaelyn (character),https://finalfantasy.fandom.com/wiki/Hydaelyn_(character)
322,Hyllfyr Faezmoensyn,https://finalfantasy.fandom.com/wiki/Hyllfyr_Faezmoensyn
323,Hythlodaeus,https://finalfantasy.fandom.com/wiki/Hythlodaeus
324,I'llofii,https://finalfantasy.fandom.com/wiki/I%27llofii
325,Ichian Matsuba,https://finalfantasy.fandom.com/wiki/Ichian_Matsuba
326,Igeyorhm,https://finalfantasy.fandom.com/wiki/Igeyorhm
327,Ignasse de Vesnaint,https://finalfantasy.fandom.com/wiki/Ignasse_de_Vesnaint
328,Ilberd Feare,https://finalfantasy.fandom.com/wiki/Ilberd_Feare
329,Iliud,https://finalfantasy.fandom.com/wiki/Iliud
330,Impresario (Final Fantasy XIV),https://finalfantasy.fandom.com/wiki/Impresario_(Final_Fantasy_XIV)
331,Inban,https://finalfantasy.fandom.com/wiki/Inban
332,Inugami,https://finalfantasy.fandom.com/wiki/Inugami
333,Iroha,https://finalfantasy.fandom.com/wiki/Iroha
334,Isaudorel,https://finalfantasy.fandom.com/wiki/Isaudorel
335,Isildaure Vellegrance,https://finalfantasy.fandom.com/wiki/Isildaure_Vellegrance
336,Isolde Covey,https://finalfantasy.fandom.com/wiki/Isolde_Covey
337,Isse Shibunuri,https://finalfantasy.fandom.com/wiki/Isse_Shibunuri
338,J'arhll,https://finalfantasy.fandom.com/wiki/J%27arhll
339,J'bhen Tia,https://finalfantasy.fandom.com/wiki/J%27bhen_Tia
340,J'moldva,https://finalfantasy.fandom.com/wiki/J%27moldva
341,J'nangho,https://finalfantasy.fandom.com/wiki/J%27nangho
342,J'olhmyn Abah,https://finalfantasy.fandom.com/wiki/J%27olhmyn_Abah
343,Jacke Swallow,https://finalfantasy.fandom.com/wiki/Jacke_Swallow
344,Jalzahn Daemir,https://finalfantasy.fandom.com/wiki/Jalzahn_Daemir
345,Jandelaine,https://finalfantasy.fandom.com/wiki/Jandelaine
346,Janlenoux de Courcillant,https://finalfantasy.fandom.com/wiki/Janlenoux_de_Courcillant
347,Jannequinard de Durendaire,https://finalfantasy.fandom.com/wiki/Jannequinard_de_Durendaire
348,Janremi Blackheart,https://finalfantasy.fandom.com/wiki/Janremi_Blackheart
349,Jantellot de Thelomaire,https://finalfantasy.fandom.com/wiki/Jantellot_de_Thelomaire
350,Jehantel Fointeaume,https://finalfantasy.fandom.com/wiki/Jehantel_Fointeaume
351,Jenlyns Aesc,https://finalfantasy.fandom.com/wiki/Jenlyns_Aesc
352,Jenomis Lexentale,https://finalfantasy.fandom.com/wiki/Jenomis_Lexentale
353,Jerhomme,https://finalfantasy.fandom.com/wiki/Jerhomme
354,Jessie Jaye,https://finalfantasy.fandom.com/wiki/Jessie_Jaye
355,Jihli Aliapoh,https://finalfantasy.fandom.com/wiki/Jihli_Aliapoh
356,Jiriri,https://finalfantasy.fandom.com/wiki/Jiriri
357,Joacin Charlemend Francel de Haillenarte,https://finalfantasy.fandom.com/wiki/Joacin_Charlemend_Francel_de_Haillenarte
358,Jongleurs of Eulmore,https://finalfantasy.fandom.com/wiki/Jongleurs_of_Eulmore
359,Joye,https://finalfantasy.fandom.com/wiki/Joye
360,Julchiezain,https://finalfantasy.fandom.com/wiki/Julchiezain
361,Jullus Norbanus,https://finalfantasy.fandom.com/wiki/Jullus_Norbanus
362,Julyan Manderville,https://finalfantasy.fandom.com/wiki/Julyan_Manderville
363,K'lyhia,https://finalfantasy.fandom.com/wiki/K%27lyhia
364,K'rhid Tia,https://finalfantasy.fandom.com/wiki/K%27rhid_Tia
365,Kagura Jinba,https://finalfantasy.fandom.com/wiki/Kagura_Jinba
366,Kai-Shirr,https://finalfantasy.fandom.com/wiki/Kai-Shirr
367,Kaien Rijin,https://finalfantasy.fandom.com/wiki/Kaien_Rijin
368,Kamaitachi (Final Fantasy XIV),https://finalfantasy.fandom.com/wiki/Kamaitachi_(Final_Fantasy_XIV)
369,Kan-E-Senna,https://finalfantasy.fandom.com/wiki/Kan-E-Senna
370,Karasu Kanshi,https://finalfantasy.fandom.com/wiki/Karasu_Kanshi
371,Kazagg Chah,https://finalfantasy.fandom.com/wiki/Kazagg_Chah
372,Keelty,https://finalfantasy.fandom.com/wiki/Keelty
373,Kester Ironheart,https://finalfantasy.fandom.com/wiki/Kester_Ironheart
374,Khalja Dataq,https://finalfantasy.fandom.com/wiki/Khalja_Dataq
375,Khloe Aliapoh,https://finalfantasy.fandom.com/wiki/Khloe_Aliapoh
376,Khrimm,https://finalfantasy.fandom.com/wiki/Khrimm
377,Kikimo Kimo,https://finalfantasy.fandom.com/wiki/Kikimo_Kimo
378,Kikipu Kipu,https://finalfantasy.fandom.com/wiki/Kikipu_Kipu
379,Kipih Jakkya,https://finalfantasy.fandom.com/wiki/Kipih_Jakkya
380,Kleon,https://finalfantasy.fandom.com/wiki/Kleon
381,Koh Rabntah,https://finalfantasy.fandom.com/wiki/Koh_Rabntah
382,Kokomui,https://finalfantasy.fandom.com/wiki/Kokomui
383,Komainu,https://finalfantasy.fandom.com/wiki/Komainu
384,Kongo Miyama,https://finalfantasy.fandom.com/wiki/Kongo_Miyama
385,Koryu,https://finalfantasy.fandom.com/wiki/Koryu
386,Kosyu,https://finalfantasy.fandom.com/wiki/Kosyu
387,Kotokaze Benitoki,https://finalfantasy.fandom.com/wiki/Kotokaze_Benitoki
388,Kozakura Gyoji,https://finalfantasy.fandom.com/wiki/Kozakura_Gyoji
389,Krile Mayer Baldesion (Final Fantasy XIV),https://finalfantasy.fandom.com/wiki/Krile_Mayer_Baldesion_(Final_Fantasy_XIV)
390,Kudagitsune,https://finalfantasy.fandom.com/wiki/Kudagitsune
391,Kupka Kupp,https://finalfantasy.fandom.com/wiki/Kupka_Kupp
392,Kurenai Shisui,https://finalfantasy.fandom.com/wiki/Kurenai_Shisui
393,Kurobana Gunji,https://finalfantasy.fandom.com/wiki/Kurobana_Gunji
394,Kyokuho Moribe,https://finalfantasy.fandom.com/wiki/Kyokuho_Moribe
395,Lahabrea,https://finalfantasy.fandom.com/wiki/Lahabrea
396,Lalafuto III,https://finalfantasy.fandom.com/wiki/Lalafuto_III
397,Lalah Jinjahl,https://finalfantasy.fandom.com/wiki/Lalah_Jinjahl
398,Lalai Lai,https://finalfantasy.fandom.com/wiki/Lalai_Lai
399,Lalatta,https://finalfantasy.fandom.com/wiki/Lalatta
400,Lambard Calowise,https://finalfantasy.fandom.com/wiki/Lambard_Calowise
401,Lamitt,https://finalfantasy.fandom.com/wiki/Lamitt
402,Lanbyrd,https://finalfantasy.fandom.com/wiki/Lanbyrd
403,Landenel Peaumasquier,https://finalfantasy.fandom.com/wiki/Landenel_Peaumasquier
404,Laniaitte de Haillenarte,https://finalfantasy.fandom.com/wiki/Laniaitte_de_Haillenarte
405,Lathme,https://finalfantasy.fandom.com/wiki/Lathme
406,Latisha,https://finalfantasy.fandom.com/wiki/Latisha
407,Laurenssen,https://finalfantasy.fandom.com/wiki/Laurenssen
408,Laurentius Daye,https://finalfantasy.fandom.com/wiki/Laurentius_Daye
409,Leavold,https://finalfantasy.fandom.com/wiki/Leavold
410,Leih Aliapoh,https://finalfantasy.fandom.com/wiki/Leih_Aliapoh
411,Leofard Myste,https://finalfantasy.fandom.com/wiki/Leofard_Myste
412,Leseraux,https://finalfantasy.fandom.com/wiki/Leseraux
413,Leveva Byrde,https://finalfantasy.fandom.com/wiki/Leveva_Byrde
414,Lewena,https://finalfantasy.fandom.com/wiki/Lewena
415,Lewin Hunte,https://finalfantasy.fandom.com/wiki/Lewin_Hunte
416,Lewphon,https://finalfantasy.fandom.com/wiki/Lewphon
417,Lightning (Final Fantasy XIII)/Final Fantasy XIV,https://finalfantasy.fandom.com/wiki/Lightning_(Final_Fantasy_XIII)/Final_Fantasy_XIV
418,Lilja Sjasaris,https://finalfantasy.fandom.com/wiki/Lilja_Sjasaris
419,Lina Mewrilah,https://finalfantasy.fandom.com/wiki/Lina_Mewrilah
420,Lisette de Valentione,https://finalfantasy.fandom.com/wiki/Lisette_de_Valentione
421,Lisie,https://finalfantasy.fandom.com/wiki/Lisie
422,Livia Junius,https://finalfantasy.fandom.com/wiki/Livia_Junius
423,Livingway,https://finalfantasy.fandom.com/wiki/Livingway
424,Llafymae,https://finalfantasy.fandom.com/wiki/Llafymae
425,Llofii Potitus,https://finalfantasy.fandom.com/wiki/Llofii_Potitus
426,Llymlaen (Final Fantasy XIV),https://finalfantasy.fandom.com/wiki/Llymlaen_(Final_Fantasy_XIV)
427,Loghrif,https://finalfantasy.fandom.com/wiki/Loghrif
428,Loifa,https://finalfantasy.fandom.com/wiki/Loifa
429,Lolorito Nanarito,https://finalfantasy.fandom.com/wiki/Lolorito_Nanarito
430,Lonesome lass,https://finalfantasy.fandom.com/wiki/Lonesome_lass
431,Loonh Gah,https://finalfantasy.fandom.com/wiki/Loonh_Gah
432,Lorens,https://finalfantasy.fandom.com/wiki/Lorens
433,Lorie,https://finalfantasy.fandom.com/wiki/Lorie
434,Louisoix Leveilleur,https://finalfantasy.fandom.com/wiki/Louisoix_Leveilleur
435,Lovro Slanasch,https://finalfantasy.fandom.com/wiki/Lovro_Slanasch
436,Lucia Junius,https://finalfantasy.fandom.com/wiki/Lucia_Junius
437,Luciane Corne,https://finalfantasy.fandom.com/wiki/Luciane_Corne
438,Lue-Reeq,https://finalfantasy.fandom.com/wiki/Lue-Reeq
439,Lulutsu,https://finalfantasy.fandom.com/wiki/Lulutsu
440,Lycelle,https://finalfantasy.fandom.com/wiki/Lycelle
441,Lyell,https://finalfantasy.fandom.com/wiki/Lyell
442,Lyna,https://finalfantasy.fandom.com/wiki/Lyna
443,Lyngsath Hyllbornsyn,https://finalfantasy.fandom.com/wiki/Lyngsath_Hyllbornsyn
444,Lyon Helsos,https://finalfantasy.fandom.com/wiki/Lyon_Helsos
445,Lyonell,https://finalfantasy.fandom.com/wiki/Lyonell
446,Lyse Hext,https://finalfantasy.fandom.com/wiki/Lyse_Hext
447,M'naago Rahz,https://finalfantasy.fandom.com/wiki/M%27naago_Rahz
448,Mace Byrde,https://finalfantasy.fandom.com/wiki/Mace_Byrde
449,Madison,https://finalfantasy.fandom.com/wiki/Madison
450,Maggie (Final Fantasy XIV),https://finalfantasy.fandom.com/wiki/Maggie_(Final_Fantasy_XIV)
451,Magnai Oronir,https://finalfantasy.fandom.com/wiki/Magnai_Oronir
452,Maira,https://finalfantasy.fandom.com/wiki/Maira
453,Makoto Obinata,https://finalfantasy.fandom.com/wiki/Makoto_Obinata
454,Mannskoen,https://finalfantasy.fandom.com/wiki/Mannskoen
455,Marabel,https://finalfantasy.fandom.com/wiki/Marabel
456,Marcelloix (Gridania),https://finalfantasy.fandom.com/wiki/Marcelloix_(Gridania)
457,Marcelloix (Ishgard),https://finalfantasy.fandom.com/wiki/Marcelloix_(Ishgard)
458,Marmaduke,https://finalfantasy.fandom.com/wiki/Marmaduke
459,Marsak Apella,https://finalfantasy.fandom.com/wiki/Marsak_Apella
460,Martyn,https://finalfantasy.fandom.com/wiki/Martyn
461,Masha Mhakaracca,https://finalfantasy.fandom.com/wiki/Masha_Mhakaracca
462,Masked Mage,https://finalfantasy.fandom.com/wiki/Masked_Mage
463,Matoya (Final Fantasy XIV),https://finalfantasy.fandom.com/wiki/Matoya_(Final_Fantasy_XIV)
464,Mauwyl,https://finalfantasy.fandom.com/wiki/Mauwyl
465,Maxima Priscus,https://finalfantasy.fandom.com/wiki/Maxima_Priscus
466,Mayaru Moyaru,https://finalfantasy.fandom.com/wiki/Mayaru_Moyaru
467,Meffrid Noward,https://finalfantasy.fandom.com/wiki/Meffrid_Noward
468,Melkoko Melko,https://finalfantasy.fandom.com/wiki/Melkoko_Melko
469,Memeriga,https://finalfantasy.fandom.com/wiki/Memeriga
470,Menenius Lanatus,https://finalfantasy.fandom.com/wiki/Menenius_Lanatus
471,Menphina,https://finalfantasy.fandom.com/wiki/Menphina
472,Merlwyb Bloefhiswyn,https://finalfantasy.fandom.com/wiki/Merlwyb_Bloefhiswyn
473,Merodaulyn,https://finalfantasy.fandom.com/wiki/Merodaulyn
474,Meryall Miller,https://finalfantasy.fandom.com/wiki/Meryall_Miller
475,Meteion,https://finalfantasy.fandom.com/wiki/Meteion
476,Midas Garlond,https://finalfantasy.fandom.com/wiki/Midas_Garlond
477,Mide Hotgo,https://finalfantasy.fandom.com/wiki/Mide_Hotgo
478,Midgardsormr (Final Fantasy XIV),https://finalfantasy.fandom.com/wiki/Midgardsormr_(Final_Fantasy_XIV)
479,Midnight Dew,https://finalfantasy.fandom.com/wiki/Midnight_Dew
480,Mikoto Jinba,https://finalfantasy.fandom.com/wiki/Mikoto_Jinba
481,Milisandia,https://finalfantasy.fandom.com/wiki/Milisandia
482,Millith Ironheart,https://finalfantasy.fandom.com/wiki/Millith_Ironheart
483,Mimidoa Nanadoa,https://finalfantasy.fandom.com/wiki/Mimidoa_Nanadoa
484,Minfilia Warde,https://finalfantasy.fandom.com/wiki/Minfilia_Warde
485,Miounne,https://finalfantasy.fandom.com/wiki/Miounne
486,Misija Votyasch,https://finalfantasy.fandom.com/wiki/Misija_Votyasch
487,Mitron,https://finalfantasy.fandom.com/wiki/Mitron
488,Mladen,https://finalfantasy.fandom.com/wiki/Mladen
489,Mocianne,https://finalfantasy.fandom.com/wiki/Mocianne
490,Moenbryda Wilfsunnwyn,https://finalfantasy.fandom.com/wiki/Moenbryda_Wilfsunnwyn
491,Moergynn,https://finalfantasy.fandom.com/wiki/Moergynn
492,Momodi Modi,https://finalfantasy.fandom.com/wiki/Momodi_Modi
493,Momoru,https://finalfantasy.fandom.com/wiki/Momoru
494,Momozigo Mumuzigo,https://finalfantasy.fandom.com/wiki/Momozigo_Mumuzigo
495,Montblanc (Final Fantasy XIV),https://finalfantasy.fandom.com/wiki/Montblanc_(Final_Fantasy_XIV)
496,Morys,https://finalfantasy.fandom.com/wiki/Morys
497,Motte,https://finalfantasy.fandom.com/wiki/Motte
498,Mumuepo,https://finalfantasy.fandom.com/wiki/Mumuepo
499,Muscadain de Citenrond,https://finalfantasy.fandom.com/wiki/Muscadain_de_Citenrond
500,Musosai,https://finalfantasy.fandom.com/wiki/Musosai
501,Mutamix Bubblypots,https://finalfantasy.fandom.com/wiki/Mutamix_Bubblypots
502,Mylla Swordsong,https://finalfantasy.fandom.com/wiki/Mylla_Swordsong
503,Nabriales,https://finalfantasy.fandom.com/wiki/Nabriales
504,Nael Darnus,https://finalfantasy.fandom.com/wiki/Nael_Darnus
505,Nald'thal,https://finalfantasy.fandom.com/wiki/Nald%27thal
506,Nanamo Ul Namo,https://finalfantasy.fandom.com/wiki/Nanamo_Ul_Namo
507,Nananoby,https://finalfantasy.fandom.com/wiki/Nananoby
508,Nanapasi,https://finalfantasy.fandom.com/wiki/Nanapasi
509,Nanaphon,https://finalfantasy.fandom.com/wiki/Nanaphon
510,Narumi,https://finalfantasy.fandom.com/wiki/Narumi
511,Nashmeira (Final Fantasy XIV),https://finalfantasy.fandom.com/wiki/Nashmeira_(Final_Fantasy_XIV)
512,Nashu Mhakaracca,https://finalfantasy.fandom.com/wiki/Nashu_Mhakaracca
513,Nayaga,https://finalfantasy.fandom.com/wiki/Nayaga
514,Nedrick Ironheart,https://finalfantasy.fandom.com/wiki/Nedrick_Ironheart
515,Nekeke,https://finalfantasy.fandom.com/wiki/Nekeke
516,Nenekko Nekko,https://finalfantasy.fandom.com/wiki/Nenekko_Nekko
517,Nero Scaeva,https://finalfantasy.fandom.com/wiki/Nero_Scaeva
518,Nerva Galvus,https://finalfantasy.fandom.com/wiki/Nerva_Galvus
519,Nhagi'a Jakkya,https://finalfantasy.fandom.com/wiki/Nhagi%27a_Jakkya
520,Nhaza'a Jaab,https://finalfantasy.fandom.com/wiki/Nhaza%27a_Jaab
521,Nidhogg (Final Fantasy XIV),https://finalfantasy.fandom.com/wiki/Nidhogg_(Final_Fantasy_XIV)
522,Nielden,https://finalfantasy.fandom.com/wiki/Nielden
523,Niellefresne Thaudour,https://finalfantasy.fandom.com/wiki/Niellefresne_Thaudour
524,Ninimo,https://finalfantasy.fandom.com/wiki/Ninimo
525,Noah Gabranth,https://finalfantasy.fandom.com/wiki/Noah_Gabranth
526,Noalle,https://finalfantasy.fandom.com/wiki/Noalle
527,Nogeloix,https://finalfantasy.fandom.com/wiki/Nogeloix
528,Nohi,https://finalfantasy.fandom.com/wiki/Nohi
529,Nolanel,https://finalfantasy.fandom.com/wiki/Nolanel
530,Nonora,https://finalfantasy.fandom.com/wiki/Nonora
531,Nonotta,https://finalfantasy.fandom.com/wiki/Nonotta
532,Nonoya,https://finalfantasy.fandom.com/wiki/Nonoya
533,Nophica,https://finalfantasy.fandom.com/wiki/Nophica
534,Noraxia,https://finalfantasy.fandom.com/wiki/Noraxia
535,Norvello,https://finalfantasy.fandom.com/wiki/Norvello
536,Noudenet de Jaimberd,https://finalfantasy.fandom.com/wiki/Noudenet_de_Jaimberd
537,Novv,https://finalfantasy.fandom.com/wiki/Novv
538,Nue (Final Fantasy XIV),https://finalfantasy.fandom.com/wiki/Nue_(Final_Fantasy_XIV)
539,Nutiba Buntiba,https://finalfantasy.fandom.com/wiki/Nutiba_Buntiba
540,Nybeth Obdilord,https://finalfantasy.fandom.com/wiki/Nybeth_Obdilord
541,Nyelbert,https://finalfantasy.fandom.com/wiki/Nyelbert
542,Nymeia,https://finalfantasy.fandom.com/wiki/Nymeia
543,Nyunkrepf Nyunkrepfsyn,https://finalfantasy.fandom.com/wiki/Nyunkrepf_Nyunkrepfsyn
544,O'tchakha,https://finalfantasy.fandom.com/wiki/O%27tchakha
545,O-App-Pesi,https://finalfantasy.fandom.com/wiki/O-App-Pesi
546,Oboro Torioi,https://finalfantasy.fandom.com/wiki/Oboro_Torioi
547,Ocher Boulder,https://finalfantasy.fandom.com/wiki/Ocher_Boulder
548,Ogul Khatayin,https://finalfantasy.fandom.com/wiki/Ogul_Khatayin
549,Oha-Sok,https://finalfantasy.fandom.com/wiki/Oha-Sok
550,Ollier,https://finalfantasy.fandom.com/wiki/Ollier
551,Olvara,https://finalfantasy.fandom.com/wiki/Olvara
552,Omega (Final Fantasy XIV),https://finalfantasy.fandom.com/wiki/Omega_(Final_Fantasy_XIV)
553,Ompagne Deepblack,https://finalfantasy.fandom.com/wiki/Ompagne_Deepblack
554,Orella Rushton,https://finalfantasy.fandom.com/wiki/Orella_Rushton
555,Orn Khai,https://finalfantasy.fandom.com/wiki/Orn_Khai
556,Ortefauchel,https://finalfantasy.fandom.com/wiki/Ortefauchel
557,Oschon,https://finalfantasy.fandom.com/wiki/Oschon
558,Ouvielle,https://finalfantasy.fandom.com/wiki/Ouvielle
559,P'obyano,https://finalfantasy.fandom.com/wiki/P%27obyano
560,P'yandih,https://finalfantasy.fandom.com/wiki/P%27yandih
561,Pagaga Vochstein,https://finalfantasy.fandom.com/wiki/Pagaga_Vochstein
562,Papalymo Totolymo,https://finalfantasy.fandom.com/wiki/Papalymo_Totolymo
563,Papashan Nonoshan,https://finalfantasy.fandom.com/wiki/Papashan_Nonoshan
564,Pasareen,https://finalfantasy.fandom.com/wiki/Pasareen
565,Pascaleret Neurtaille,https://finalfantasy.fandom.com/wiki/Pascaleret_Neurtaille
566,Pashtarot,https://finalfantasy.fandom.com/wiki/Pashtarot
567,Path companions,https://finalfantasy.fandom.com/wiki/Path_companions
568,Paulecrain de Fanouilley,https://finalfantasy.fandom.com/wiki/Paulecrain_de_Fanouilley
569,Pawah Mujuuk,https://finalfantasy.fandom.com/wiki/Pawah_Mujuuk
570,Pawlin,https://finalfantasy.fandom.com/wiki/Pawlin
571,Pehainel,https://finalfantasy.fandom.com/wiki/Pehainel
572,Percevains,https://finalfantasy.fandom.com/wiki/Percevains
573,Perimu Haurimu,https://finalfantasy.fandom.com/wiki/Perimu_Haurimu
574,Peyraquile,https://finalfantasy.fandom.com/wiki/Peyraquile
575,Phlegethon (Final Fantasy XIV),https://finalfantasy.fandom.com/wiki/Phlegethon_(Final_Fantasy_XIV)
576,Pipimaya and Sasapano,https://finalfantasy.fandom.com/wiki/Pipimaya_and_Sasapano
577,Pipin Tarupin,https://finalfantasy.fandom.com/wiki/Pipin_Tarupin
578,Popokkuli and Seserukka,https://finalfantasy.fandom.com/wiki/Popokkuli_and_Seserukka
579,Powle,https://finalfantasy.fandom.com/wiki/Powle
580,Prudentia,https://finalfantasy.fandom.com/wiki/Prudentia
581,Pukty Piko,https://finalfantasy.fandom.com/wiki/Pukty_Piko
582,Pulmia,https://finalfantasy.fandom.com/wiki/Pulmia
583,Qhota Nbolo,https://finalfantasy.fandom.com/wiki/Qhota_Nbolo
584,Qoqoba,https://finalfantasy.fandom.com/wiki/Qoqoba
585,Quickthinx Allthoughts,https://finalfantasy.fandom.com/wiki/Quickthinx_Allthoughts
586,Quimperain Evertrue,https://finalfantasy.fandom.com/wiki/Quimperain_Evertrue
587,Quinfort,https://finalfantasy.fandom.com/wiki/Quinfort
588,Quintus Cinna,https://finalfantasy.fandom.com/wiki/Quintus_Cinna
589,Ququruka Tataruka,https://finalfantasy.fandom.com/wiki/Ququruka_Tataruka
590,R'ashaht Rhiki,https://finalfantasy.fandom.com/wiki/R%27ashaht_Rhiki
591,R'fhul Tia,https://finalfantasy.fandom.com/wiki/R%27fhul_Tia
592,R'majha,https://finalfantasy.fandom.com/wiki/R%27majha
593,Category:Races in Final Fantasy XIV,https://finalfantasy.fandom.com/wiki/Category:Races_in_Final_Fantasy_XIV
594,Radlia Keene,https://finalfantasy.fandom.com/wiki/Radlia_Keene
595,Radovan Slobasch,https://finalfantasy.fandom.com/wiki/Radovan_Slobasch
596,Rammbroes Zasertylsyn,https://finalfantasy.fandom.com/wiki/Rammbroes_Zasertylsyn
597,Ramza Beoulve (Final Fantasy XIV),https://finalfantasy.fandom.com/wiki/Ramza_Beoulve_(Final_Fantasy_XIV)
598,Ramza Lexentale,https://finalfantasy.fandom.com/wiki/Ramza_Lexentale
599,Ran'jit,https://finalfantasy.fandom.com/wiki/Ran%27jit
600,Ranaa Mihgo,https://finalfantasy.fandom.com/wiki/Ranaa_Mihgo
601,Randolfe,https://finalfantasy.fandom.com/wiki/Randolfe
602,Rasequin,https://finalfantasy.fandom.com/wiki/Rasequin
603,Rasho Mastbreaker,https://finalfantasy.fandom.com/wiki/Rasho_Mastbreaker
604,Rasler B'nargin Dalmasca,https://finalfantasy.fandom.com/wiki/Rasler_B%27nargin_Dalmasca
605,Ratatoskr (Final Fantasy XIV),https://finalfantasy.fandom.com/wiki/Ratatoskr_(Final_Fantasy_XIV)
606,Ratimir,https://finalfantasy.fandom.com/wiki/Ratimir
607,Raubahn Aldynn,https://finalfantasy.fandom.com/wiki/Raubahn_Aldynn
608,Raulf Redhill,https://finalfantasy.fandom.com/wiki/Raulf_Redhill
609,Raya-O-Senna,https://finalfantasy.fandom.com/wiki/Raya-O-Senna
610,Redolent Rose,https://finalfantasy.fandom.com/wiki/Redolent_Rose
611,Redwald Younge,https://finalfantasy.fandom.com/wiki/Redwald_Younge
612,Regula Hydrus,https://finalfantasy.fandom.com/wiki/Regula_Hydrus
613,Renda-Rae,https://finalfantasy.fandom.com/wiki/Renda-Rae
614,Rex,https://finalfantasy.fandom.com/wiki/Rex
615,Reyna Breakhook,https://finalfantasy.fandom.com/wiki/Reyna_Breakhook
616,Reyner Hansred,https://finalfantasy.fandom.com/wiki/Reyner_Hansred
617,Rhalgr,https://finalfantasy.fandom.com/wiki/Rhalgr
618,Rhesh Polaali,https://finalfantasy.fandom.com/wiki/Rhesh_Polaali
619,Rhita,https://finalfantasy.fandom.com/wiki/Rhita
620,Rhitahtyn Arvina,https://finalfantasy.fandom.com/wiki/Rhitahtyn_Arvina
621,Rhoswen Leach,https://finalfantasy.fandom.com/wiki/Rhoswen_Leach
622,Ricon,https://finalfantasy.fandom.com/wiki/Ricon
623,Rielle de Caulignont,https://finalfantasy.fandom.com/wiki/Rielle_de_Caulignont
624,Riggy,https://finalfantasy.fandom.com/wiki/Riggy
625,Riol Forrest,https://finalfantasy.fandom.com/wiki/Riol_Forrest
626,Ririzan,https://finalfantasy.fandom.com/wiki/Ririzan
627,Rissai,https://finalfantasy.fandom.com/wiki/Rissai
628,Roddard Ironheart,https://finalfantasy.fandom.com/wiki/Roddard_Ironheart
629,Rodolph,https://finalfantasy.fandom.com/wiki/Rodolph
630,Rodrigault,https://finalfantasy.fandom.com/wiki/Rodrigault
631,Rofocale,https://finalfantasy.fandom.com/wiki/Rofocale
632,Roland (Final Fantasy XIV),https://finalfantasy.fandom.com/wiki/Roland_(Final_Fantasy_XIV)
633,Rostik Liubasch,https://finalfantasy.fandom.com/wiki/Rostik_Liubasch
634,Rostnsthal,https://finalfantasy.fandom.com/wiki/Rostnsthal
635,Roundrox Mazenot,https://finalfantasy.fandom.com/wiki/Roundrox_Mazenot
636,Rowena,https://finalfantasy.fandom.com/wiki/Rowena
637,Royal seneschal,https://finalfantasy.fandom.com/wiki/Royal_seneschal
638,Royse,https://finalfantasy.fandom.com/wiki/Royse
639,Rubicante (Final Fantasy XIV),https://finalfantasy.fandom.com/wiki/Rubicante_(Final_Fantasy_XIV)
640,Rullus,https://finalfantasy.fandom.com/wiki/Rullus
641,Runar,https://finalfantasy.fandom.com/wiki/Runar
642,Rurukuta,https://finalfantasy.fandom.com/wiki/Rurukuta
643,Rychyld,https://finalfantasy.fandom.com/wiki/Rychyld
644,Ryne Waters,https://finalfantasy.fandom.com/wiki/Ryne_Waters
645,S'lyhhia,https://finalfantasy.fandom.com/wiki/S%27lyhhia
646,Sadr Albeleo,https://finalfantasy.fandom.com/wiki/Sadr_Albeleo
647,Sadu Dotharl,https://finalfantasy.fandom.com/wiki/Sadu_Dotharl
648,Sai-Lewq,https://finalfantasy.fandom.com/wiki/Sai-Lewq
649,Saintrelmaux,https://finalfantasy.fandom.com/wiki/Saintrelmaux
650,Sansa,https://finalfantasy.fandom.com/wiki/Sansa
651,Sanson Smyth,https://finalfantasy.fandom.com/wiki/Sanson_Smyth
652,Sartauvoir Soranus,https://finalfantasy.fandom.com/wiki/Sartauvoir_Soranus
653,Satzfloh,https://finalfantasy.fandom.com/wiki/Satzfloh
654,Sauldia,https://finalfantasy.fandom.com/wiki/Sauldia
655,Scarmiglione (Final Fantasy XIV),https://finalfantasy.fandom.com/wiki/Scarmiglione_(Final_Fantasy_XIV)
656,Seigetsu the Enlightened,https://finalfantasy.fandom.com/wiki/Seigetsu_the_Enlightened
657,Seiryu (Final Fantasy XIV),https://finalfantasy.fandom.com/wiki/Seiryu_(Final_Fantasy_XIV)
658,Senri,https://finalfantasy.fandom.com/wiki/Senri
659,Sephirot,https://finalfantasy.fandom.com/wiki/Sephirot
660,Serendipity (Final Fantasy XIV),https://finalfantasy.fandom.com/wiki/Serendipity_(Final_Fantasy_XIV)
661,Seto (Final Fantasy XIV),https://finalfantasy.fandom.com/wiki/Seto_(Final_Fantasy_XIV)
662,Setoto Seto,https://finalfantasy.fandom.com/wiki/Setoto_Seto
663,Severa,https://finalfantasy.fandom.com/wiki/Severa
664,Severian Lyctor,https://finalfantasy.fandom.com/wiki/Severian_Lyctor
665,Sevestre Albright,https://finalfantasy.fandom.com/wiki/Sevestre_Albright
666,Sezul Totoloc,https://finalfantasy.fandom.com/wiki/Sezul_Totoloc
667,Shamani Lohmani,https://finalfantasy.fandom.com/wiki/Shamani_Lohmani
668,Shanga Meshanga,https://finalfantasy.fandom.com/wiki/Shanga_Meshanga
669,Shantotto/Other appearances,https://finalfantasy.fandom.com/wiki/Shantotto/Other_appearances
670,Shiden Unryu,https://finalfantasy.fandom.com/wiki/Shiden_Unryu
671,Shiosai Sui,https://finalfantasy.fandom.com/wiki/Shiosai_Sui
672,Sicard Spence,https://finalfantasy.fandom.com/wiki/Sicard_Spence
673,Sicinius Vellutus,https://finalfantasy.fandom.com/wiki/Sicinius_Vellutus
674,Sidurgu Orl,https://finalfantasy.fandom.com/wiki/Sidurgu_Orl
675,Sigan,https://finalfantasy.fandom.com/wiki/Sigan
676,Silvairre,https://finalfantasy.fandom.com/wiki/Silvairre
677,Sisipu Sipu,https://finalfantasy.fandom.com/wiki/Sisipu_Sipu
678,Siward,https://finalfantasy.fandom.com/wiki/Siward
679,Skaetswys,https://finalfantasy.fandom.com/wiki/Skaetswys
680,Slowfix Cointoss,https://finalfantasy.fandom.com/wiki/Slowfix_Cointoss
681,Soileine,https://finalfantasy.fandom.com/wiki/Soileine
682,Sokhatai Dataq,https://finalfantasy.fandom.com/wiki/Sokhatai_Dataq
683,Sokles,https://finalfantasy.fandom.com/wiki/Sokles
684,Solkwyb Saelsmyndsyn,https://finalfantasy.fandom.com/wiki/Solkwyb_Saelsmyndsyn
685,Solkzagyl Keltnaglsyn,https://finalfantasy.fandom.com/wiki/Solkzagyl_Keltnaglsyn
686,Songbirds,https://finalfantasy.fandom.com/wiki/Songbirds
687,Sophia (Final Fantasy XIV),https://finalfantasy.fandom.com/wiki/Sophia_(Final_Fantasy_XIV)
688,Sophie (Final Fantasy XIV),https://finalfantasy.fandom.com/wiki/Sophie_(Final_Fantasy_XIV)
689,Soroban,https://finalfantasy.fandom.com/wiki/Soroban
690,Stacia Myste,https://finalfantasy.fandom.com/wiki/Stacia_Myste
691,Stanik Alubov,https://finalfantasy.fandom.com/wiki/Stanik_Alubov
692,Stephanivien de Haillenarte,https://finalfantasy.fandom.com/wiki/Stephanivien_de_Haillenarte
693,Sul Oul,https://finalfantasy.fandom.com/wiki/Sul_Oul
694,Sula,https://finalfantasy.fandom.com/wiki/Sula
695,Surito Carito,https://finalfantasy.fandom.com/wiki/Surito_Carito
696,Suzaku (Final Fantasy XIV),https://finalfantasy.fandom.com/wiki/Suzaku_(Final_Fantasy_XIV)
697,Suzume Kaisuri,https://finalfantasy.fandom.com/wiki/Suzume_Kaisuri
698,Swethryk Brookstone,https://finalfantasy.fandom.com/wiki/Swethryk_Brookstone
699,Swethyna Brookstone,https://finalfantasy.fandom.com/wiki/Swethyna_Brookstone
700,Swift Ryder,https://finalfantasy.fandom.com/wiki/Swift_Ryder
701,Sylphie Webb,https://finalfantasy.fandom.com/wiki/Sylphie_Webb
702,Sylvetrel de Dzemael,https://finalfantasy.fandom.com/wiki/Sylvetrel_de_Dzemael
703,T'kebbe Morh,https://finalfantasy.fandom.com/wiki/T%27kebbe_Morh
704,Tadric,https://finalfantasy.fandom.com/wiki/Tadric
705,Taggy,https://finalfantasy.fandom.com/wiki/Taggy
706,Talan,https://finalfantasy.fandom.com/wiki/Talan
707,Tamamo Gozen,https://finalfantasy.fandom.com/wiki/Tamamo_Gozen
708,Tankin,https://finalfantasy.fandom.com/wiki/Tankin
709,Tansui,https://finalfantasy.fandom.com/wiki/Tansui
710,Tatabaru,https://finalfantasy.fandom.com/wiki/Tatabaru
711,Tataramu,https://finalfantasy.fandom.com/wiki/Tataramu
712,Tataroon,https://finalfantasy.fandom.com/wiki/Tataroon
713,Tataru Taru,https://finalfantasy.fandom.com/wiki/Tataru_Taru
714,Taynor,https://finalfantasy.fandom.com/wiki/Taynor
715,Tedalgrinche,https://finalfantasy.fandom.com/wiki/Tedalgrinche
716,Teledji Adeledji,https://finalfantasy.fandom.com/wiki/Teledji_Adeledji
717,Telent,https://finalfantasy.fandom.com/wiki/Telent
718,Tenzen (Final Fantasy XIV),https://finalfantasy.fandom.com/wiki/Tenzen_(Final_Fantasy_XIV)
719,Tesleen,https://finalfantasy.fandom.com/wiki/Tesleen
720,Thaliak,https://finalfantasy.fandom.com/wiki/Thaliak
721,Thalysa,https://finalfantasy.fandom.com/wiki/Thalysa
722,Thancred Waters,https://finalfantasy.fandom.com/wiki/Thancred_Waters
723,The Griffin,https://finalfantasy.fandom.com/wiki/The_Griffin
724,Category:The Twelve,https://finalfantasy.fandom.com/wiki/Category:The_Twelve
725,Thomelin,https://finalfantasy.fandom.com/wiki/Thomelin
726,Thordan I,https://finalfantasy.fandom.com/wiki/Thordan_I
727,Thordan VII,https://finalfantasy.fandom.com/wiki/Thordan_VII
728,Thracie,https://finalfantasy.fandom.com/wiki/Thracie
729,Thubyrgeim Guldweitzwyn,https://finalfantasy.fandom.com/wiki/Thubyrgeim_Guldweitzwyn
730,Tiamat (Final Fantasy XIV),https://finalfantasy.fandom.com/wiki/Tiamat_(Final_Fantasy_XIV)
731,Tista-Bie,https://finalfantasy.fandom.com/wiki/Tista-Bie
732,Titania (Final Fantasy XIV),https://finalfantasy.fandom.com/wiki/Titania_(Final_Fantasy_XIV)
733,Titinin,https://finalfantasy.fandom.com/wiki/Titinin
734,Titus Galvus,https://finalfantasy.fandom.com/wiki/Titus_Galvus
735,Tolas,https://finalfantasy.fandom.com/wiki/Tolas
736,Tonatiuh,https://finalfantasy.fandom.com/wiki/Tonatiuh
737,Tothor,https://finalfantasy.fandom.com/wiki/Tothor
738,Travanchet,https://finalfantasy.fandom.com/wiki/Travanchet
739,Tristan Lowe,https://finalfantasy.fandom.com/wiki/Tristan_Lowe
740,Tristol,https://finalfantasy.fandom.com/wiki/Tristol
741,Troxia,https://finalfantasy.fandom.com/wiki/Troxia
742,Tsubame Oshidari,https://finalfantasy.fandom.com/wiki/Tsubame_Oshidari
743,Tsukikage Urabe,https://finalfantasy.fandom.com/wiki/Tsukikage_Urabe
744,Tugeim,https://finalfantasy.fandom.com/wiki/Tugeim
745,Tyr Beq,https://finalfantasy.fandom.com/wiki/Tyr_Beq
746,U'odh Nunh,https://finalfantasy.fandom.com/wiki/U%27odh_Nunh
747,Ugetsu Tachikake,https://finalfantasy.fandom.com/wiki/Ugetsu_Tachikake
748,Uimet,https://finalfantasy.fandom.com/wiki/Uimet
749,Ulala,https://finalfantasy.fandom.com/wiki/Ulala
750,Ulger Ironheart,https://finalfantasy.fandom.com/wiki/Ulger_Ironheart
751,Una Tayuun,https://finalfantasy.fandom.com/wiki/Una_Tayuun
752,Unei (Final Fantasy XIV),https://finalfantasy.fandom.com/wiki/Unei_(Final_Fantasy_XIV)
753,Unsavory Imp,https://finalfantasy.fandom.com/wiki/Unsavory_Imp
754,Unukalhai,https://finalfantasy.fandom.com/wiki/Unukalhai
755,Urianger Augurelt,https://finalfantasy.fandom.com/wiki/Urianger_Augurelt
756,Utata Uta,https://finalfantasy.fandom.com/wiki/Utata_Uta
757,V'kebbe,https://finalfantasy.fandom.com/wiki/V%27kebbe
758,V'mah Tia,https://finalfantasy.fandom.com/wiki/V%27mah_Tia
759,Vairemont,https://finalfantasy.fandom.com/wiki/Vairemont
760,Valan,https://finalfantasy.fandom.com/wiki/Valan
761,Valdeaulin,https://finalfantasy.fandom.com/wiki/Valdeaulin
762,Valens Varro,https://finalfantasy.fandom.com/wiki/Valens_Varro
763,Valiant Hart,https://finalfantasy.fandom.com/wiki/Valiant_Hart
764,Varis Galvus,https://finalfantasy.fandom.com/wiki/Varis_Galvus
765,Vauthry,https://finalfantasy.fandom.com/wiki/Vauthry
766,Vedrfolnir,https://finalfantasy.fandom.com/wiki/Vedrfolnir
767,Velibor Azetina,https://finalfantasy.fandom.com/wiki/Velibor_Azetina
768,Vellguine de Bourbagne,https://finalfantasy.fandom.com/wiki/Vellguine_de_Bourbagne
769,Venat (Final Fantasy XIV),https://finalfantasy.fandom.com/wiki/Venat_(Final_Fantasy_XIV)
770,Vergilia Corculum,https://finalfantasy.fandom.com/wiki/Vergilia_Corculum
771,Vidofnir (Final Fantasy XIV),https://finalfantasy.fandom.com/wiki/Vidofnir_(Final_Fantasy_XIV)
772,Vitus Messalla,https://finalfantasy.fandom.com/wiki/Vitus_Messalla
773,Vorsaile Heuloix,https://finalfantasy.fandom.com/wiki/Vorsaile_Heuloix
774,Voyce (Final Fantasy XIV),https://finalfantasy.fandom.com/wiki/Voyce_(Final_Fantasy_XIV)
775,Vrtra (Final Fantasy XIV),https://finalfantasy.fandom.com/wiki/Vrtra_(Final_Fantasy_XIV)
776,Waekbyrt,https://finalfantasy.fandom.com/wiki/Waekbyrt
777,Waldeve,https://finalfantasy.fandom.com/wiki/Waldeve
778,Wandering Dramaturge,https://finalfantasy.fandom.com/wiki/Wandering_Dramaturge
779,Wandering Minstrel,https://finalfantasy.fandom.com/wiki/Wandering_Minstrel
780,Warburton,https://finalfantasy.fandom.com/wiki/Warburton
781,Wargbhar,https://finalfantasy.fandom.com/wiki/Wargbhar
782,Warrior of Light (Final Fantasy XIV),https://finalfantasy.fandom.com/wiki/Warrior_of_Light_(Final_Fantasy_XIV)
783,Watcher (Final Fantasy XIV),https://finalfantasy.fandom.com/wiki/Watcher_(Final_Fantasy_XIV)
784,Wawalago Momolago,https://finalfantasy.fandom.com/wiki/Wawalago_Momolago
785,Weggfarr,https://finalfantasy.fandom.com/wiki/Weggfarr
786,Whastrach Ahldwaensyn,https://finalfantasy.fandom.com/wiki/Whastrach_Ahldwaensyn
787,Wheiskaet Rysswoerdsyn,https://finalfantasy.fandom.com/wiki/Wheiskaet_Rysswoerdsyn
788,Widargelt Beake,https://finalfantasy.fandom.com/wiki/Widargelt_Beake
789,Wide Gulley,https://finalfantasy.fandom.com/wiki/Wide_Gulley
790,Willelda,https://finalfantasy.fandom.com/wiki/Willelda
791,Wilred Glasse,https://finalfantasy.fandom.com/wiki/Wilred_Glasse
792,Wiscar Marshe,https://finalfantasy.fandom.com/wiki/Wiscar_Marshe
793,Wulfiue,https://finalfantasy.fandom.com/wiki/Wulfiue
794,Wunthyll,https://finalfantasy.fandom.com/wiki/Wunthyll
795,Wybir,https://finalfantasy.fandom.com/wiki/Wybir
796,Wyrnzoen Saelsmyndsyn,https://finalfantasy.fandom.com/wiki/Wyrnzoen_Saelsmyndsyn
797,X'rhun Tia,https://finalfantasy.fandom.com/wiki/X%27rhun_Tia
798,X'yulwann,https://finalfantasy.fandom.com/wiki/X%27yulwann
799,Xande (Final Fantasy XIV),https://finalfantasy.fandom.com/wiki/Xande_(Final_Fantasy_XIV)
800,Xeven Svanasch,https://finalfantasy.fandom.com/wiki/Xeven_Svanasch
801,Y'mhitra Rhul,https://finalfantasy.fandom.com/wiki/Y%27mhitra_Rhul
802,Y'shtola Rhul,https://finalfantasy.fandom.com/wiki/Y%27shtola_Rhul
803,Yamatsumi Urabe,https://finalfantasy.fandom.com/wiki/Yamatsumi_Urabe
804,Yayake Yake,https://finalfantasy.fandom.com/wiki/Yayake_Yake
805,Yda Hext,https://finalfantasy.fandom.com/wiki/Yda_Hext
806,Yezahn,https://finalfantasy.fandom.com/wiki/Yezahn
807,Yotsuyu Brutus,https://finalfantasy.fandom.com/wiki/Yotsuyu_Brutus
808,Yoyobina,https://finalfantasy.fandom.com/wiki/Yoyobina
809,Yozan Nagae,https://finalfantasy.fandom.com/wiki/Yozan_Nagae
810,Ysayle Dangoulain,https://finalfantasy.fandom.com/wiki/Ysayle_Dangoulain
811,Ystride de Caulignont,https://finalfantasy.fandom.com/wiki/Ystride_de_Caulignont
812,Yugiri Mistwalker,https://finalfantasy.fandom.com/wiki/Yugiri_Mistwalker
813,Yuhelmeric,https://finalfantasy.fandom.com/wiki/Yuhelmeric
814,Yuki Yatsurugi,https://finalfantasy.fandom.com/wiki/Yuki_Yatsurugi
815,Yuyuhase Luluhase,https://finalfantasy.fandom.com/wiki/Yuyuhase_Luluhase
816,Ywain Deepwell,https://finalfantasy.fandom.com/wiki/Ywain_Deepwell
817,Z'napha,https://finalfantasy.fandom.com/wiki/Z%27napha
818,Zenos Galvus,https://finalfantasy.fandom.com/wiki/Zenos_Galvus
819,Zephirin de Valhourdin,https://finalfantasy.fandom.com/wiki/Zephirin_de_Valhourdin
820,Zero (Final Fantasy XIV),https://finalfantasy.fandom.com/wiki/Zero_(Final_Fantasy_XIV)
821,Zeromus (Final Fantasy XIV),https://finalfantasy.fandom.com/wiki/Zeromus_(Final_Fantasy_XIV)
822,Zezekuta,https://finalfantasy.fandom.com/wiki/Zezekuta
823,Zhai'a Nelhah,https://finalfantasy.fandom.com/wiki/Zhai%27a_Nelhah
824,Zhloe Aliapoh,https://finalfantasy.fandom.com/wiki/Zhloe_Aliapoh
825,Zirnberk,https://finalfantasy.fandom.com/wiki/Zirnberk
826,Zodiark (Final Fantasy XIV),https://finalfantasy.fandom.com/wiki/Zodiark_(Final_Fantasy_XIV)
827,Zozonan,https://finalfantasy.fandom.com/wiki/Zozonan
828,Zuiko Buhen,https://finalfantasy.fandom.com/wiki/Zuiko_Buhen
829,Zurvan (Final Fantasy XIV),https://finalfantasy.fandom.com/wiki/Zurvan_(Final_Fantasy_XIV)
